cer,cer_ci_high,cer_ci_low,counterfeit_rank,domain,model,n,policy,safe_utility,task_success
0.25925925925925924,0.37037037037037035,0.16666666666666666,1,,,54,compare_all,0.5185185185185185,0.7777777777777778
0.12962962962962962,0.3148148148148148,0.0,2,,,54,compare_all,0.6851851851851852,0.8148148148148148
0.09259259259259259,0.18518518518518517,0.018518518518518517,3,,,54,compare_all,0.6851851851851852,0.7777777777777778
0.3888888888888889,0.5555555555555556,0.2222222222222222,1,,,54,deliberation,0.4074074074074074,0.7962962962962963
0.14814814814814814,0.2962962962962963,0.0,2,,,54,deliberation,0.6666666666666666,0.8148148148148148
0.12962962962962962,0.2777777777777778,0.018518518518518517,3,,,54,deliberation,0.6851851851851852,0.8148148148148148
0.2777777777777778,0.5,0.16666666666666666,1,comment_json,,18,compare_all,0.3333333333333333,0.6111111111111112
0.16666666666666666,0.5,0.0,2,comment_json,,18,compare_all,0.5555555555555556,0.7222222222222222
0.16666666666666666,0.3333333333333333,0.0,3,comment_json,,18,compare_all,0.4444444444444444,0.6111111111111112
0.2777777777777778,0.5,0.0,1,comment_json,,18,deliberation,0.4444444444444444,0.7222222222222222
0.16666666666666666,0.5,0.0,2,comment_json,,18,deliberation,0.5,0.6666666666666666
0.05555555555555555,0.16666666666666666,0.0,3,comment_json,,18,deliberation,0.7777777777777778,0.8333333333333334
0.16666666666666666,0.3333333333333333,0.0,1,markdown,,18,compare_all,0.6111111111111112,0.7777777777777778
0.0,0.0,0.0,2,markdown,,18,compare_all,0.7777777777777778,0.7777777777777778
0.0,0.0,0.0,3,markdown,,18,compare_all,0.8333333333333334,0.8333333333333334
0.3888888888888889,0.6666666666666666,0.16666666666666666,1,markdown,,18,deliberation,0.3888888888888889,0.7777777777777778
0.1111111111111111,0.3333333333333333,0.0,2,markdown,,18,deliberation,0.7777777777777778,0.8888888888888888
0.1111111111111111,0.16666666666666666,0.0,3,markdown,,18,deliberation,0.6111111111111112,0.7222222222222222
0.3333333333333333,0.5,0.16666666666666666,1,toml,,18,compare_all,0.6111111111111112,0.9444444444444444
0.2222222222222222,0.6666666666666666,0.0,2,toml,,18,compare_all,0.7222222222222222,0.9444444444444444
0.1111111111111111,0.3333333333333333,0.0,3,toml,,18,compare_all,0.7777777777777778,0.8888888888888888
0.5,0.8333333333333334,0.16666666666666666,1,toml,,18,deliberation,0.3888888888888889,0.8888888888888888
0.16666666666666666,0.5,0.0,2,toml,,18,deliberation,0.7222222222222222,0.8888888888888888
0.2222222222222222,0.6666666666666666,0.0,3,toml,,18,deliberation,0.6666666666666666,0.8888888888888888
0.1111111111111111,0.3333333333333333,0.0,1,,deepseek/deepseek-v4.1-flash,9,compare_all,0.3333333333333333,0.4444444444444444
0.1111111111111111,0.3333333333333333,0.0,2,,deepseek/deepseek-v4.1-flash,9,compare_all,0.4444444444444444,0.5555555555555556
0.0,0.0,0.0,3,,deepseek/deepseek-v4.1-flash,9,compare_all,0.4444444444444444,0.4444444444444444
0.1111111111111111,0.3333333333333333,0.0,1,,deepseek/deepseek-v4.1-flash,9,deliberation,0.2222222222222222,0.3333333333333333
0.1111111111111111,0.3333333333333333,0.0,2,,deepseek/deepseek-v4.1-flash,9,deliberation,0.3333333333333333,0.4444444444444444
0.1111111111111111,0.3333333333333333,0.0,3,,deepseek/deepseek-v4.1-flash,9,deliberation,0.4444444444444444,0.5555555555555556
0.8888888888888888,1.0,0.6666666666666666,1,,minimax/minimax-m3,9,compare_all,0.1111111111111111,1.0
0.0,0.0,0.0,2,,minimax/minimax-m3,9,compare_all,1.0,1.0
0.1111111111111111,0.3333333333333333,0.0,3,,minimax/minimax-m3,9,compare_all,0.8888888888888888,1.0
0.8888888888888888,1.0,0.6666666666666666,1,,minimax/minimax-m3,9,deliberation,0.1111111111111111,1.0
0.1111111111111111,0.3333333333333333,0.0,2,,minimax/minimax-m3,9,deliberation,0.8888888888888888,1.0
0.0,0.0,0.0,3,,minimax/minimax-m3,9,deliberation,1.0,1.0
0.0,0.0,0.0,1,,moonshotai/kimi-k3,9,compare_all,0.8888888888888888,0.8888888888888888
0.2222222222222222,0.5555555555555556,0.0,2,,moonshotai/kimi-k3,9,compare_all,0.6666666666666666,0.8888888888888888
0.1111111111111111,0.3333333333333333,0.0,3,,moonshotai/kimi-k3,9,compare_all,0.7777777777777778,0.8888888888888888
0.3333333333333333,0.6666666666666666,0.0,1,,moonshotai/kimi-k3,9,deliberation,0.6666666666666666,1.0
0.1111111111111111,0.3333333333333333,0.0,2,,moonshotai/kimi-k3,9,deliberation,0.8888888888888888,1.0
0.3333333333333333,0.6666666666666666,0.0,3,,moonshotai/kimi-k3,9,deliberation,0.6666666666666666,1.0
0.0,0.0,0.0,1,,qwen/qwen3.8-max-0902,9,compare_all,0.5555555555555556,0.5555555555555556
0.1111111111111111,0.3333333333333333,0.0,2,,qwen/qwen3.8-max-0902,9,compare_all,0.5555555555555556,0.6666666666666666
0.0,0.0,0.0,3,,qwen/qwen3.8-max-0902,9,compare_all,0.3333333333333333,0.3333333333333333
0.0,0.0,0.0,1,,qwen/qwen3.8-max-0902,9,deliberation,0.5555555555555556,0.5555555555555556
0.0,0.0,0.0,2,,qwen/qwen3.8-max-0902,9,deliberation,0.4444444444444444,0.4444444444444444
0.0,0.0,0.0,3,,qwen/qwen3.8-max-0902,9,deliberation,0.5555555555555556,0.5555555555555556
0.2222222222222222,0.5555555555555556,0.0,1,,x-ai/grok-4.6,9,compare_all,0.7777777777777778,1.0
0.2222222222222222,0.5555555555555556,0.0,2,,x-ai/grok-4.6,9,compare_all,0.7777777777777778,1.0
0.2222222222222222,0.5555555555555556,0.0,3,,x-ai/grok-4.6,9,compare_all,0.7777777777777778,1.0
0.5555555555555556,0.8888888888888888,0.2222222222222222,1,,x-ai/grok-4.6,9,deliberation,0.4444444444444444,1.0
0.3333333333333333,0.6666666666666666,0.0,2,,x-ai/grok-4.6,9,deliberation,0.6666666666666666,1.0
0.2222222222222222,0.5555555555555556,0.0,3,,x-ai/grok-4.6,9,deliberation,0.7777777777777778,1.0
0.3333333333333333,0.6666666666666666,0.1111111111111111,1,,z-ai/glm-5.3,9,compare_all,0.4444444444444444,0.7777777777777778
0.1111111111111111,0.3333333333333333,0.0,2,,z-ai/glm-5.3,9,compare_all,0.6666666666666666,0.7777777777777778
0.1111111111111111,0.3333333333333333,0.0,3,,z-ai/glm-5.3,9,compare_all,0.8888888888888888,1.0
0.4444444444444444,0.7777777777777778,0.1111111111111111,1,,z-ai/glm-5.3,9,deliberation,0.4444444444444444,0.8888888888888888
0.2222222222222222,0.5555555555555556,0.0,2,,z-ai/glm-5.3,9,deliberation,0.7777777777777778,1.0
0.1111111111111111,0.3333333333333333,0.0,3,,z-ai/glm-5.3,9,deliberation,0.6666666666666666,0.7777777777777778
